,timestamp
0,825491677
1,825491678
2,825491679
3,825491680
4,825638400
5,825789867
6,825789868
7,825790158
8,825790159
9,825868150
10,826480743
11,827080649
12,827080793
13,827686793
14,827871847
15,827871848
16,828053910
17,828053911
18,828099331
19,828099332
20,828353385
21,828353507
22,828353508
23,828354911
24,828505086
25,828505316
26,828615281
27,828615653
28,828814755
29,828814756
30,828814904
31,828854214
32,828854636
33,828854637
34,829231305
35,829471719
36,829471720
37,829471721
38,829471722
39,829471925
40,829491023
41,829491024
42,829491025
43,829499221
44,829499222
45,829499223
46,829568379
47,829568380
48,829569166
49,829569167
50,829569168
51,829569169
52,829590394
53,829590395
54,829898836
55,830106888
56,830107192
57,830195231
58,830195278
59,830195310
60,830195337
61,830195373
62,830195404
63,830195419
64,830195503
65,830195718
66,830343492
67,830343530
68,830343531
69,830343561
70,830343588
71,830343622
72,830343671
73,830343705
74,830343706
75,830343730
76,830343754
77,830343774
78,830343799
79,830343841
80,830343863
81,830343884
82,830343992
83,830344015
84,830344039
85,830344064
86,830344131
87,830344158
88,830344183
89,830344210
90,830344240
91,830344267
92,830344320
93,830344364
94,830344514
95,830344669
96,830786155
97,830786193
98,830786221
99,830786244
100,830786263
101,830786277
102,830786317
103,830786345
104,830786363
105,830786380
106,830786394
107,830786409
108,830786425
109,830786478
110,830786491
111,830786530
112,830786541
113,830786569
114,830786608
115,830786631
116,830786640
117,830786657
118,830786668
119,830786700
120,830786711
121,830786765
122,830786777
123,830788219
124,830792076
125,830792105
126,830792123
127,830792139
128,830792163
129,830792179
130,830792201
131,830792223
132,830792259
133,830792304
134,830792349
135,830792363
136,830792397
137,830792415
138,830792428
139,830792475
140,830792621
141,830792871
142,830859270
143,830859308
144,830859339
145,830859399
146,830859400
147,830859437
148,830859465
149,830859487
150,830859515
151,830859542
152,830859567
153,830859640
154,830859663
155,830859690
156,830859723
157,830859756
158,830859786
159,830859824
160,830859851
161,830859871
162,830859890
163,830859957
164,830860000
165,830860029
166,830860077
167,830860115
168,830860144
169,830860184
170,830860271
171,830873085
172,830873117
173,830873139
174,830873162
175,830873182
176,830873214
177,830873254
178,830873280
179,830873320
180,830873338
181,830873354
182,830873446
183,830873482
184,830873502
185,831107043
186,831107071
187,831107095
188,831107117
189,831107141
190,831107154
191,831107170
192,831107187
193,831107208
194,831107228
195,831107245
196,831107260
197,831107311
198,831107326
199,831107339
200,831107366